{
  "version": "1.0",
  "generated": "2026-02-07",
  "description": "Indian locations for logistics route search. Includes cities, districts, sub-cities, and major transport hubs.",
  "locations": [
    {"name": "Mumbai", "state": "Maharashtra", "district": "Mumbai", "type": "city", "lat": 19.076, "lng": 72.8777, "aliases": ["Bombay"], "is_major_hub": true},
    {"name": "Delhi", "state": "Delhi", "district": null, "type": "city", "lat": 28.7041, "lng": 77.1025, "aliases": ["New Delhi"], "is_major_hub": true},
    {"name": "Bengaluru", "state": "Karnataka", "district": "Bengaluru Urban", "type": "city", "lat": 12.9716, "lng": 77.5946, "aliases": ["Bangalore", "Blore"], "is_major_hub": true},
    {"name": "Chennai", "state": "Tamil Nadu", "district": "Chennai", "type": "city", "lat": 13.0827, "lng": 80.2707, "aliases": ["Madras"], "is_major_hub": true},
    {"name": "Kolkata", "state": "West Bengal", "district": "Kolkata", "type": "city", "lat": 22.5726, "lng": 88.3639, "aliases": ["Calcutta"], "is_major_hub": true},
    {"name": "Hyderabad", "state": "Telangana", "district": "Hyderabad", "type": "city", "lat": 17.385, "lng": 78.4867, "aliases": [], "is_major_hub": true},
    {"name": "Ahmedabad", "state": "Gujarat", "district": "Ahmedabad", "type": "city", "lat": 23.0225, "lng": 72.5714, "aliases": ["Amdavad"], "is_major_hub": true},
    {"name": "Pune", "state": "Maharashtra", "district": "Pune", "type": "city", "lat": 18.5204, "lng": 73.8567, "aliases": ["Poona"], "is_major_hub": true},
    {"name": "Jaipur", "state": "Rajasthan", "district": "Jaipur", "type": "city", "lat": 26.9124, "lng": 75.7873, "aliases": [], "is_major_hub": true},
    {"name": "Lucknow", "state": "Uttar Pradesh", "district": "Lucknow", "type": "city", "lat": 26.8467, "lng": 80.9462, "aliases": [], "is_major_hub": true},
    {"name": "Surat", "state": "Gujarat", "district": "Surat", "type": "city", "lat": 21.1702, "lng": 72.8311, "aliases": [], "is_major_hub": true},
    {"name": "Kanpur", "state": "Uttar Pradesh", "district": "Kanpur Nagar", "type": "city", "lat": 26.4499, "lng": 80.3319, "aliases": ["Cawnpore"], "is_major_hub": true},
    {"name": "Nagpur", "state": "Maharashtra", "district": "Nagpur", "type": "city", "lat": 21.1458, "lng": 79.0882, "aliases": [], "is_major_hub": true},
    {"name": "Indore", "state": "Madhya Pradesh", "district": "Indore", "type": "city", "lat": 22.7196, "lng": 75.8577, "aliases": [], "is_major_hub": true},
    {"name": "Thane", "state": "Maharashtra", "district": "Thane", "type": "city", "lat": 19.2183, "lng": 72.9781, "aliases": [], "is_major_hub": false},
    {"name": "Bhopal", "state": "Madhya Pradesh", "district": "Bhopal", "type": "city", "lat": 23.2599, "lng": 77.4126, "aliases": [], "is_major_hub": true},
    {"name": "Visakhapatnam", "state": "Andhra Pradesh", "district": "Visakhapatnam", "type": "city", "lat": 17.6868, "lng": 83.2185, "aliases": ["Vizag"], "is_major_hub": true},
    {"name": "Patna", "state": "Bihar", "district": "Patna", "type": "city", "lat": 25.6093, "lng": 85.1376, "aliases": [], "is_major_hub": true},
    {"name": "Vadodara", "state": "Gujarat", "district": "Vadodara", "type": "city", "lat": 22.3072, "lng": 73.1812, "aliases": ["Baroda"], "is_major_hub": true},
    {"name": "Ludhiana", "state": "Punjab", "district": "Ludhiana", "type": "city", "lat": 30.901, "lng": 75.8573, "aliases": [], "is_major_hub": true},
    {"name": "Agra", "state": "Uttar Pradesh", "district": "Agra", "type": "city", "lat": 27.1767, "lng": 78.0081, "aliases": [], "is_major_hub": true},
    {"name": "Nashik", "state": "Maharashtra", "district": "Nashik", "type": "city", "lat": 19.9975, "lng": 73.7898, "aliases": ["Nasik"], "is_major_hub": false},
    {"name": "Varanasi", "state": "Uttar Pradesh", "district": "Varanasi", "type": "city", "lat": 25.3176, "lng": 82.9739, "aliases": ["Banaras", "Kashi"], "is_major_hub": true},
    {"name": "Rajkot", "state": "Gujarat", "district": "Rajkot", "type": "city", "lat": 22.3039, "lng": 70.8022, "aliases": [], "is_major_hub": false},
    {"name": "Coimbatore", "state": "Tamil Nadu", "district": "Coimbatore", "type": "city", "lat": 11.0168, "lng": 76.9558, "aliases": ["Kovai"], "is_major_hub": true},
    {"name": "Madurai", "state": "Tamil Nadu", "district": "Madurai", "type": "city", "lat": 9.9252, "lng": 78.1198, "aliases": [], "is_major_hub": false},
    {"name": "Chandigarh", "state": "Chandigarh", "district": null, "type": "city", "lat": 30.7333, "lng": 76.7794, "aliases": [], "is_major_hub": true},
    {"name": "Guwahati", "state": "Assam", "district": "Kamrup Metropolitan", "type": "city", "lat": 26.1445, "lng": 91.7362, "aliases": ["Gauhati"], "is_major_hub": true},
    {"name": "Thiruvananthapuram", "state": "Kerala", "district": "Thiruvananthapuram", "type": "city", "lat": 8.5241, "lng": 76.9366, "aliases": ["Trivandrum"], "is_major_hub": true},
    {"name": "Kochi", "state": "Kerala", "district": "Ernakulam", "type": "city", "lat": 9.9312, "lng": 76.2673, "aliases": ["Cochin"], "is_major_hub": true},
    {"name": "Ranchi", "state": "Jharkhand", "district": "Ranchi", "type": "city", "lat": 23.3441, "lng": 85.3096, "aliases": [], "is_major_hub": true},
    {"name": "Gwalior", "state": "Madhya Pradesh", "district": "Gwalior", "type": "city", "lat": 26.2183, "lng": 78.1828, "aliases": [], "is_major_hub": false},
    {"name": "Jodhpur", "state": "Rajasthan", "district": "Jodhpur", "type": "city", "lat": 26.2389, "lng": 73.0243, "aliases": [], "is_major_hub": false},
    {"name": "Raipur", "state": "Chhattisgarh", "district": "Raipur", "type": "city", "lat": 21.2514, "lng": 81.6296, "aliases": [], "is_major_hub": true},
    {"name": "Amritsar", "state": "Punjab", "district": "Amritsar", "type": "city", "lat": 31.634, "lng": 74.8723, "aliases": [], "is_major_hub": true},
    {"name": "Vijayawada", "state": "Andhra Pradesh", "district": "Krishna", "type": "city", "lat": 16.5062, "lng": 80.648, "aliases": ["Bezawada"], "is_major_hub": true},
    {"name": "Dehradun", "state": "Uttarakhand", "district": "Dehradun", "type": "city", "lat": 30.3165, "lng": 78.0322, "aliases": [], "is_major_hub": true},
    {"name": "Mysuru", "state": "Karnataka", "district": "Mysuru", "type": "city", "lat": 12.2958, "lng": 76.6394, "aliases": ["Mysore"], "is_major_hub": false},
    {"name": "Jabalpur", "state": "Madhya Pradesh", "district": "Jabalpur", "type": "city", "lat": 23.1815, "lng": 79.9864, "aliases": [], "is_major_hub": false},
    {"name": "Aurangabad", "state": "Maharashtra", "district": "Aurangabad", "type": "city", "lat": 19.8762, "lng": 75.3433, "aliases": ["Chhatrapati Sambhajinagar"], "is_major_hub": false},
    {"name": "Hubli-Dharwad", "state": "Karnataka", "district": "Dharwad", "type": "city", "lat": 15.3647, "lng": 75.124, "aliases": ["Hubli", "Dharwad"], "is_major_hub": false},
    {"name": "Tiruchirappalli", "state": "Tamil Nadu", "district": "Tiruchirappalli", "type": "city", "lat": 10.7905, "lng": 78.7047, "aliases": ["Trichy"], "is_major_hub": false},
    {"name": "Bhubaneswar", "state": "Odisha", "district": "Khordha", "type": "city", "lat": 20.2961, "lng": 85.8245, "aliases": [], "is_major_hub": true},
    {"name": "Salem", "state": "Tamil Nadu", "district": "Salem", "type": "city", "lat": 11.6643, "lng": 78.146, "aliases": [], "is_major_hub": false},
    {"name": "Warangal", "state": "Telangana", "district": "Warangal", "type": "city", "lat": 17.9784, "lng": 79.5941, "aliases": [], "is_major_hub": false},
    {"name": "Gurugram", "state": "Haryana", "district": "Gurugram", "type": "city", "lat": 28.4595, "lng": 77.0266, "aliases": ["Gurgaon"], "is_major_hub": true},
    {"name": "Noida", "state": "Uttar Pradesh", "district": "Gautam Buddh Nagar", "type": "city", "lat": 28.5355, "lng": 77.391, "aliases": [], "is_major_hub": true},
    {"name": "Navi Mumbai", "state": "Maharashtra", "district": "Thane", "type": "city", "lat": 19.033, "lng": 73.0297, "aliases": ["New Bombay"], "is_major_hub": true},
    {"name": "Faridabad", "state": "Haryana", "district": "Faridabad", "type": "city", "lat": 28.4089, "lng": 77.3178, "aliases": [], "is_major_hub": false},
    {"name": "Ghaziabad", "state": "Uttar Pradesh", "district": "Ghaziabad", "type": "city", "lat": 28.6692, "lng": 77.4538, "aliases": [], "is_major_hub": false},
    {"name": "JNPT", "state": "Maharashtra", "district": "Raigad", "type": "transport_hub", "lat": 18.9543, "lng": 72.9479, "aliases": ["Nhava Sheva", "Jawaharlal Nehru Port"], "is_major_hub": true},
    {"name": "Mundra Port", "state": "Gujarat", "district": "Kutch", "type": "transport_hub", "lat": 22.8394, "lng": 69.7214, "aliases": ["Adani Port"], "is_major_hub": true},
    {"name": "Kandla Port", "state": "Gujarat", "district": "Kutch", "type": "transport_hub", "lat": 23.0333, "lng": 70.2167, "aliases": ["Deendayal Port"], "is_major_hub": true},
    {"name": "Manesar", "state": "Haryana", "district": "Gurugram", "type": "industrial_zone", "lat": 28.3588, "lng": 76.9378, "aliases": [], "is_major_hub": false},
    {"name": "Bhiwandi", "state": "Maharashtra", "district": "Thane", "type": "transport_hub", "lat": 19.2813, "lng": 73.0483, "aliases": [], "is_major_hub": true},
    {"name": "Panipat", "state": "Haryana", "district": "Panipat", "type": "city", "lat": 29.3909, "lng": 76.9635, "aliases": [], "is_major_hub": false},
    {"name": "Sonipat", "state": "Haryana", "district": "Sonipat", "type": "city", "lat": 28.9931, "lng": 77.0151, "aliases": [], "is_major_hub": false},
    {"name": "Vapi", "state": "Gujarat", "district": "Valsad", "type": "industrial_zone", "lat": 20.3893, "lng": 72.9106, "aliases": [], "is_major_hub": false},
    {"name": "Ankleshwar", "state": "Gujarat", "district": "Bharuch", "type": "industrial_zone", "lat": 21.6264, "lng": 73.0153, "aliases": [], "is_major_hub": false},
    {"name": "Pithampur", "state": "Madhya Pradesh", "district": "Dhar", "type": "industrial_zone", "lat": 22.6088, "lng": 75.6942, "aliases": [], "is_major_hub": false}
  ]
}
